age,mileage,condition_score,damage_severity,repair_cost,market_value,salvage_title,label
20,34184,23,2,3213,20049,0,COPART
17,27790,95,3,2457,6082,0,COPART
16,162815,23,4,15758,17031,0,COPART
13,62787,77,4,4358,22231,0,COPART
13,94194,55,1,4116,18110,1,COPART
12,30353,65,2,4918,43565,1,COPART
14,145568,35,3,9164,9164,0,COPART
19,99800,93,1,1841,8558,0,ACV
9,25916,49,0,428,28911,0,ACV
11,47638,67,2,7136,17730,0,ACV
20,23717,97,1,3787,39005,0,ACV
12,75765,91,1,3354,48866,0,ACV
1,65043,24,2,3427,30290,0,COPART
18,193196,60,1,3154,46954,0,ACV
20,125285,38,2,4645,13150,0,ACV
8,200825,94,3,7546,42242,0,ACV
4,138569,83,0,0,7087,0,ACV
13,161345,28,3,10178,29009,0,COPART
17,8009,34,4,16604,21486,0,COPART
9,118971,40,3,4212,4212,0,COPART
16,204743,42,4,10973,10973,0,COPART
16,164637,45,1,3753,28504,0,ACV
16,5149,96,2,1487,36021,0,ACV
9,67770,27,1,797,41182,0,COPART
2,204387,88,1,3975,12414,0,ACV
5,74483,87,4,8070,31730,0,COPART
6,191895,59,3,10647,48019,0,ACV
16,123354,35,1,1254,18725,1,COPART
17,65323,95,1,2039,4471,0,ACV
7,22668,24,2,5797,8643,0,COPART
15,61160,89,1,3628,41423,0,ACV
15,216680,72,1,2046,10181,0,ACV
13,112767,79,0,823,48129,1,COPART
12,195896,63,0,0,20295,0,ACV
4,115593,43,2,4936,34318,0,ACV
14,216818,90,0,607,7315,0,ACV
2,202542,50,1,3274,30634,0,ACV
12,20370,41,3,4141,4141,0,COPART
14,79776,74,4,15464,47376,0,COPART
9,62068,27,4,5227,39533,0,COPART
1,158138,81,4,5392,38807,0,COPART
2,53712,28,4,8453,8453,0,COPART
3,154336,51,4,4616,42962,1,COPART
18,153170,86,2,4143,21089,0,ACV
7,74629,70,1,3557,48019,0,ACV
2,7441,78,4,4486,40896,0,COPART
16,74520,36,2,3856,8508,0,ACV
14,147401,58,4,11380,46858,0,COPART
17,83480,33,1,2594,21332,1,COPART
17,45749,54,2,4293,43638,0,ACV
20,74201,84,3,2713,20457,0,ACV
8,16557,20,2,6854,12573,0,COPART
14,149619,74,4,4633,4633,0,COPART
4,148023,24,2,5929,42175,0,COPART
1,85808,66,0,896,27449,0,ACV
3,97714,91,3,11423,44675,0,ACV
7,47598,42,3,5610,5624,0,COPART
13,215301,51,2,7065,14433,0,ACV
1,128388,48,1,2357,34166,0,ACV
7,63438,23,1,2214,30113,0,COPART
8,97050,85,3,9166,48532,0,ACV
3,73475,42,4,3546,21397,0,COPART
11,195983,60,3,8418,43728,0,ACV
18,54828,52,0,564,32577,0,ACV
17,185055,45,2,3615,32265,0,ACV
10,168356,60,0,133,23681,0,ACV
10,110486,57,4,6701,12341,0,COPART
12,182554,42,4,8459,41296,0,COPART
0,84658,56,1,3917,32173,0,ACV
14,120811,76,1,3863,37500,0,ACV
5,177713,30,2,7834,37780,0,COPART
2,219544,50,2,3031,18722,1,COPART
7,129554,98,0,1314,33846,0,ACV
6,193310,69,3,5199,30191,0,ACV
0,201860,33,3,5706,18341,0,COPART
16,126778,26,4,5622,20331,1,COPART
14,180001,87,4,9841,43023,0,COPART
14,165603,84,3,9215,39905,0,ACV
15,122983,53,1,3003,45789,0,ACV
15,169298,50,2,3195,32827,0,ACV
8,93040,60,4,5272,9280,0,COPART
4,190183,47,0,177,31188,0,ACV
13,21322,46,3,12555,29524,0,COPART
0,205696,93,3,3902,35259,0,ACV
12,114843,88,4,7311,43534,0,COPART
13,132308,23,3,11507,26028,0,COPART
5,127523,36,4,4997,39004,0,COPART
18,178801,23,0,0,46123,0,COPART
5,18181,53,3,5429,25453,0,ACV
12,77943,73,2,4991,9367,0,ACV
1,96740,48,0,1044,46713,1,COPART
7,57261,22,4,6866,13986,0,COPART
3,152841,47,3,6617,49840,0,ACV
19,164186,34,1,1927,24384,1,COPART
9,155941,68,3,4045,16997,0,ACV
20,68661,33,2,7667,48843,1,COPART
18,210163,25,2,5962,38913,0,COPART
16,174749,63,0,0,31528,0,ACV
11,171614,78,1,2523,32540,0,ACV
20,75800,98,4,11208,35686,0,COPART
18,75358,61,1,3247,9679,0,ACV
14,154382,98,3,3263,26046,0,ACV
5,132808,47,2,4460,20931,0,ACV
8,150697,21,4,4594,16521,0,COPART
15,150536,50,3,11650,46329,0,ACV
0,29393,57,1,3631,30502,0,ACV
18,101736,80,4,9203,38794,0,COPART
17,91714,65,3,6179,21754,0,ACV
6,87719,35,4,6124,49230,0,COPART
15,77482,95,4,7541,43111,0,COPART
9,64633,66,1,1807,23809,0,ACV
8,16931,26,4,16057,23145,1,COPART
15,31892,21,4,11368,22634,0,COPART
5,18468,52,3,3521,11476,0,ACV
18,170005,26,1,4548,13777,0,COPART
7,36051,91,3,10842,43735,0,ACV
16,104713,77,3,10008,23487,0,COPART
19,20789,98,0,0,17617,0,ACV
2,46171,50,1,927,40175,1,COPART
14,185714,96,3,2773,23087,0,ACV
9,189283,78,0,1392,49048,0,ACV
20,159609,45,3,9050,11521,0,COPART
8,42286,29,0,718,14873,0,COPART
18,80657,76,0,122,34716,0,ACV
8,136195,89,3,4111,32688,1,COPART
13,197553,61,4,3307,20408,0,COPART
18,158910,22,2,2990,41764,0,COPART
15,141043,76,2,6786,15894,0,ACV
15,28918,80,2,4487,30761,0,ACV
5,91456,72,3,11974,22888,0,COPART
17,14619,78,0,162,24612,1,COPART
12,139898,20,4,9579,34276,0,COPART
11,168219,83,3,4945,7382,0,COPART
9,119849,82,0,746,5891,0,ACV
5,86461,90,0,0,40192,0,ACV
3,125965,35,1,3832,36661,0,COPART
8,113918,81,3,8638,19973,1,COPART
6,162123,85,1,3013,8575,0,ACV
13,94096,84,2,4168,4168,0,COPART
18,157023,82,1,3497,33264,0,ACV
17,204982,89,3,7634,33841,0,ACV
7,154893,69,1,1129,30920,0,ACV
12,106208,39,3,4479,6426,0,COPART
10,31309,76,0,0,38468,0,ACV
13,176646,39,0,193,34768,0,ACV
12,175350,30,2,6248,48194,0,COPART
20,193407,82,4,6352,6352,0,COPART
9,64634,31,3,10451,10451,0,COPART
3,121307,41,2,2140,5897,0,ACV
9,98969,67,3,5987,13540,0,COPART
5,49560,42,0,769,43943,0,ACV
15,157871,38,1,3432,34221,0,ACV
0,215929,79,2,5899,48407,1,COPART
11,159028,58,3,5907,49240,0,ACV
6,105845,81,0,671,19545,0,ACV
9,188311,57,0,62,47137,1,COPART
1,163965,83,2,7714,19081,0,ACV
20,54841,99,2,8764,48417,0,ACV
4,169691,32,0,0,24246,0,COPART
4,28627,57,2,2949,31230,1,COPART
17,100907,87,4,5918,21860,0,COPART
15,216416,57,2,6908,11547,1,COPART
7,182294,70,4,5795,27971,0,COPART
8,145659,35,3,11698,28155,0,COPART
18,104883,67,0,465,48226,1,COPART
17,90984,98,1,1859,46444,0,ACV
9,175194,72,0,1437,13160,1,COPART
15,35440,32,1,1650,39228,0,COPART
17,114871,95,1,3184,31189,0,ACV
19,111985,55,0,0,49238,0,ACV
7,100075,32,2,7116,39682,1,COPART
8,54757,35,3,10007,10007,0,COPART
19,10598,26,2,3741,19962,0,COPART
2,205581,90,1,2849,42429,0,ACV
10,207996,38,4,4185,4185,0,COPART
4,146614,52,1,4781,11204,1,COPART
0,98911,50,4,3312,25218,0,COPART
4,199436,73,4,11448,11448,0,COPART
11,139542,95,0,0,33622,0,ACV
1,195642,86,2,8344,34018,1,COPART
15,110281,74,0,1363,36130,0,ACV
2,89439,97,1,1379,8304,0,ACV
18,148748,61,3,9022,43150,0,ACV
19,117774,32,0,1297,46907,0,COPART
6,117740,77,1,3382,31119,0,ACV
13,196263,32,2,5022,31968,0,COPART
4,185046,80,0,0,9978,0,ACV
11,217800,36,4,7930,7930,0,COPART
10,180639,35,3,12002,27173,0,COPART
1,80400,96,2,3131,27045,0,ACV
4,177159,81,1,3465,11092,0,ACV
3,204912,55,4,11458,18821,0,COPART
19,165844,91,0,1198,43911,0,ACV
0,52294,54,2,3986,26270,0,ACV
4,153457,71,0,796,13297,0,ACV
2,200588,87,1,2948,28654,0,ACV
11,86693,61,4,5897,43074,1,COPART
5,202770,99,0,57,48169,0,ACV
13,132313,97,3,5695,31143,0,ACV
3,95484,75,0,889,22562,0,ACV
16,179884,59,0,727,18451,1,COPART
6,84015,47,1,2156,20745,1,COPART
15,200825,75,1,2947,12466,0,ACV
16,151466,65,0,0,30022,0,ACV
14,25411,60,4,12920,32133,0,COPART
13,80894,34,3,5366,5366,0,COPART
19,125611,66,0,0,32620,0,ACV
12,142353,30,3,11757,24334,0,COPART
5,25022,85,0,0,38773,0,ACV
11,97038,38,1,1423,10737,0,ACV
19,45073,29,1,3273,45153,0,COPART
18,122677,92,4,13623,25181,0,COPART
2,127924,76,2,6059,22001,0,ACV
2,86371,79,3,3354,6464,0,COPART
2,173995,31,4,11791,42933,0,COPART
17,212570,25,3,10292,41464,0,COPART
15,136430,39,0,1160,33525,0,ACV
10,192253,30,4,5604,46344,0,COPART
14,120191,87,4,6045,43964,0,COPART
9,106558,72,2,6103,48492,0,ACV
20,92726,28,2,7059,10193,0,COPART
8,194722,97,1,1826,25847,0,ACV
11,86325,70,1,5124,42996,1,COPART
17,103744,62,1,4875,47916,0,ACV
16,29498,74,4,3738,27712,0,COPART
6,94583,82,1,1180,18846,1,COPART
3,138087,89,4,6473,6473,0,COPART
19,39353,96,3,4262,14109,0,ACV
19,217085,41,3,6863,6863,0,COPART
7,121444,98,2,4109,33420,0,ACV
15,55860,67,4,11839,32874,0,COPART
12,136833,87,3,5991,14620,0,COPART
8,18678,81,2,3396,40342,0,ACV
3,79727,30,1,3994,21877,0,COPART
13,29042,48,3,3076,26910,1,COPART
16,103031,50,3,6964,9348,1,COPART
3,192355,62,1,1043,13017,0,ACV
15,187471,37,3,9470,33399,0,ACV
0,72088,47,1,4524,39966,0,ACV
3,208468,56,1,896,23736,0,ACV
20,213115,99,3,4975,8116,0,COPART
19,145523,22,4,8131,41686,1,COPART
13,5410,98,2,6627,19765,0,ACV
2,142228,66,0,539,38475,0,ACV
16,150267,22,3,3735,34810,0,COPART
11,71492,22,2,4417,8427,0,COPART
20,32174,94,2,2183,12743,0,ACV
20,50898,79,3,5799,45401,1,COPART
14,14695,57,1,2931,6870,1,COPART
9,140104,70,4,6922,35024,0,COPART
6,80002,65,0,59,46974,1,COPART
11,119544,71,3,8058,29339,0,ACV
15,101297,86,2,7925,9414,1,COPART
19,52305,89,2,2103,25050,0,ACV
9,85346,77,4,6840,31925,0,COPART
14,16103,65,4,8505,32504,0,COPART
1,24671,71,2,8633,37625,0,ACV
0,42428,97,3,3588,6280,0,COPART
20,101030,66,3,3535,41174,0,ACV
14,102246,67,3,9038,9038,0,COPART
12,87414,55,1,1912,11434,0,ACV
16,106446,91,0,33,21155,0,ACV
6,165399,56,3,3683,17118,0,ACV
14,50260,76,0,867,48690,0,ACV
2,149178,89,2,3847,23657,0,ACV
20,50636,66,4,5099,18695,0,COPART
7,212191,83,0,672,27651,0,ACV
17,39018,98,0,315,8308,0,ACV
15,142807,72,3,3062,41676,0,ACV
20,24441,77,3,8962,48571,1,COPART
17,172718,95,1,3101,12456,0,ACV
1,37548,86,1,1305,23931,0,ACV
7,95707,86,2,3554,9168,0,ACV
17,76945,36,2,5661,44267,0,ACV
5,160139,94,1,4276,15219,0,ACV
19,93504,92,0,0,5859,0,ACV
18,74377,46,4,14132,31301,1,COPART
20,148019,57,2,4754,35650,0,ACV
12,82970,78,0,0,49128,0,ACV
15,126750,46,2,2916,43758,0,ACV
10,197466,64,3,12003,12569,0,COPART
3,88654,50,3,6105,12029,0,COPART
3,18265,57,3,7544,44329,0,ACV
5,218248,61,4,7370,24494,0,COPART
16,127372,83,2,1472,36595,0,ACV
16,124860,50,1,1844,42230,1,COPART
15,161635,80,2,2901,39172,1,COPART
4,74329,66,3,3275,27982,1,COPART
17,56027,66,4,4695,22913,0,COPART
17,78327,99,4,6804,11786,1,COPART
11,213377,63,4,15363,27960,0,COPART
16,110221,84,0,0,6969,0,ACV
15,141139,78,1,2697,43731,0,ACV
19,88500,40,3,12709,44402,0,ACV
10,137989,85,4,15460,36102,0,COPART
0,101562,62,0,130,31298,0,ACV
20,11985,96,3,11558,21401,0,COPART
18,156423,49,0,0,42241,0,ACV
19,208058,68,1,1356,48612,0,ACV
3,55012,22,3,7355,24558,0,COPART
6,112577,84,4,16241,34907,1,COPART
4,140969,46,4,14527,25302,0,COPART
10,50398,78,4,12373,26434,0,COPART
20,215672,53,4,7808,35731,0,COPART
17,83249,48,2,7298,22940,0,ACV
15,88110,81,2,7570,40732,0,ACV
18,182372,89,3,8094,29856,0,ACV
4,81140,25,2,5828,9179,0,COPART
8,200910,81,1,3061,17242,0,ACV
8,40985,33,4,7116,42458,1,COPART
16,64158,49,0,176,10566,0,ACV
3,183570,37,0,333,40067,0,ACV
15,130160,45,2,4760,25048,1,COPART
2,175996,93,1,4805,39071,0,ACV
1,50892,73,1,3539,6381,0,ACV
9,14821,21,2,6255,41221,0,COPART
10,79596,78,4,12613,38361,0,COPART
16,127688,54,1,1986,11382,0,ACV
20,72440,43,0,662,26092,0,ACV
6,51004,98,3,8901,32029,1,COPART
3,53439,37,3,4961,25207,0,ACV
7,122109,54,2,7350,23788,0,ACV
8,176359,66,1,3277,8071,0,ACV
5,111277,84,2,3368,49238,0,ACV
9,101349,98,1,1826,18360,0,ACV
19,102943,73,4,16208,34856,0,COPART
6,204716,51,4,9365,9365,0,COPART
11,25474,92,0,1349,8047,0,ACV
18,145682,39,1,3335,25503,1,COPART
6,192935,94,3,9082,9959,0,COPART
14,39588,85,3,8945,33936,0,ACV
9,194603,22,3,3463,20676,0,COPART
2,16872,74,2,2730,49900,0,ACV
2,128750,24,2,4148,30795,1,COPART
20,196178,73,2,6554,29066,0,ACV
12,103473,30,4,12715,12715,0,COPART
5,145839,70,4,12345,12345,0,COPART
0,83214,79,4,12188,31795,0,COPART
7,125750,64,1,2991,22064,0,ACV
3,13445,73,4,5025,5025,1,COPART
19,13801,77,4,16006,48041,1,COPART
1,110451,76,1,2733,39373,0,ACV
1,41735,84,2,8271,19346,0,ACV
19,207516,61,1,2238,23776,0,ACV
13,83774,55,0,1301,40485,0,ACV
5,169100,74,4,5459,36481,0,COPART
20,180988,68,4,14960,24888,0,COPART
9,103686,43,4,8387,35032,0,COPART
4,216229,79,0,1482,40856,0,ACV
16,40151,69,1,1808,20711,0,ACV
14,102275,31,4,4093,16483,0,COPART
19,163052,25,0,703,16331,0,COPART
17,61889,81,1,3500,25821,0,ACV
6,54813,35,3,11684,19898,0,COPART
12,67739,90,2,5172,22550,0,ACV
11,85851,53,2,6126,37607,1,COPART
15,204656,60,1,2428,28294,1,COPART
7,199314,38,0,1414,21090,0,ACV
13,82382,39,1,2019,25618,0,ACV
7,135888,90,2,9034,20864,0,ACV
20,198880,82,3,12531,15025,0,COPART
4,193825,89,3,9874,16061,0,COPART
16,13866,29,0,0,4418,0,COPART
7,22817,39,0,433,18334,0,ACV
19,172176,98,3,7926,47206,1,COPART
17,112829,21,0,62,38695,0,COPART
9,9493,84,3,5094,15748,1,COPART
4,68168,44,4,8501,38501,0,COPART
12,25714,67,3,9340,34080,0,ACV
7,83636,30,0,276,10127,0,COPART
15,19710,21,1,4078,9418,0,COPART
10,153335,32,4,6788,6788,0,COPART
18,129649,54,0,1395,8872,0,ACV
17,152720,24,1,2333,24610,0,COPART
4,202198,70,0,654,23613,0,ACV
12,182480,89,2,8802,29155,1,COPART
2,136279,64,0,0,10401,0,ACV
10,163641,98,4,16040,29998,1,COPART
8,210402,77,3,7403,18951,0,COPART
13,53690,94,3,9616,9616,0,COPART
7,191937,29,0,278,21561,0,COPART
20,45442,69,2,2159,27638,1,COPART
9,121584,66,2,2362,10699,0,ACV
14,151010,91,4,4445,30741,1,COPART
17,29396,96,4,9033,25261,0,COPART
12,209254,30,4,13135,19908,0,COPART
12,49433,37,2,4307,23734,1,COPART
5,118947,55,3,9451,23644,1,COPART
8,69642,100,3,9875,42915,0,ACV
4,84864,20,3,10298,25772,0,COPART
10,120401,62,3,9480,46666,0,ACV
19,187266,45,3,6056,24590,0,ACV
10,81401,82,4,8806,19887,0,COPART
12,100686,34,4,13517,17094,0,COPART
17,12055,79,1,3195,32734,0,ACV
13,181417,83,1,2035,45506,0,ACV
4,192494,74,3,8641,8847,0,COPART
12,145081,84,3,3969,39628,0,ACV
17,160666,30,0,861,20268,0,COPART
20,165609,25,4,15120,46272,0,COPART
10,213727,75,0,29,4691,0,ACV
16,151274,94,4,10766,18485,0,COPART
18,185993,84,1,1388,26607,1,COPART
13,27506,34,1,2279,26828,0,COPART
6,141607,81,2,2795,35205,0,ACV
14,88600,28,2,6928,6928,1,COPART
10,174861,33,1,2770,19985,0,COPART
10,151761,74,3,8166,19194,0,COPART
20,177309,75,3,5913,5913,0,COPART
14,160242,74,3,4291,4291,0,COPART
2,156348,33,4,9359,16252,0,COPART
3,73774,82,4,9054,45884,0,COPART
12,158879,34,2,6114,27067,0,COPART
9,166083,95,0,141,48047,1,COPART
9,35657,43,2,3304,49445,0,ACV
19,41141,93,3,5176,31724,0,ACV
20,50412,91,1,1770,36089,0,ACV
14,167374,26,2,4628,4628,0,COPART
12,152215,84,3,11319,30813,0,COPART
14,133109,41,0,1129,41053,0,ACV
9,13570,55,1,1826,39232,0,ACV
18,199646,83,4,5724,37476,1,COPART
17,101170,89,0,0,32925,0,ACV
3,197935,51,2,5322,6112,0,COPART
2,120099,35,1,4525,17754,0,COPART
19,170877,74,1,2477,44380,0,ACV
6,216141,27,4,11995,26991,0,COPART
5,89843,57,2,5240,41534,0,ACV
3,40543,72,0,0,22174,0,ACV
4,70451,38,2,9063,20223,0,ACV
15,42269,93,2,5260,45144,0,ACV
20,213299,31,3,11682,37791,0,COPART
11,124195,82,2,2899,42139,0,ACV
2,196609,78,2,6292,8150,0,COPART
13,60535,83,2,4113,25159,0,ACV
4,153410,82,2,7443,48731,1,COPART
20,210491,78,0,403,12142,0,ACV
13,58036,36,2,3535,14418,0,ACV
8,26606,67,1,3204,7393,0,ACV
7,117520,31,0,476,4071,1,COPART
18,64294,86,3,3423,4608,0,COPART
3,115707,36,3,5495,8641,1,COPART
3,32053,60,2,3005,23611,0,ACV
4,173185,38,0,0,38767,0,ACV
5,120369,64,1,3674,45161,0,ACV
19,184979,76,1,997,9681,0,ACV
18,196367,69,2,5296,32140,1,COPART
8,173983,30,1,3989,40267,0,COPART
9,209202,23,2,6582,17464,0,COPART
12,82474,26,1,2110,36432,0,COPART
20,160695,29,4,4790,4790,0,COPART
12,153997,73,2,7047,39806,0,ACV
2,9375,95,0,0,4903,1,COPART
1,211907,70,4,14455,22775,0,COPART
13,116037,71,0,601,45978,0,ACV
8,26914,59,0,1495,37508,0,ACV
17,90655,70,4,16913,45569,0,COPART
20,22331,59,3,3111,19639,1,COPART
13,35405,78,4,4233,43900,0,COPART
5,36311,21,1,681,49973,0,COPART
11,142102,86,2,4405,14942,0,ACV
8,197134,35,0,57,25955,0,COPART
8,191731,93,0,546,36515,0,ACV
15,153605,41,2,4771,14309,1,COPART
18,181716,34,1,400,37346,0,COPART
0,69107,25,3,8488,27853,0,COPART
1,149930,73,1,2168,25089,0,ACV
10,76108,29,4,5684,28432,0,COPART
1,52014,48,4,7009,7009,0,COPART
9,207775,59,2,6565,9661,1,COPART
6,81439,92,2,4036,44810,0,ACV
15,207535,45,4,5177,20064,0,COPART
0,66078,89,2,8576,45677,1,COPART
10,5383,68,2,3865,10812,0,ACV
13,133982,27,1,770,22338,0,COPART
16,113280,67,3,9229,9564,0,COPART
20,219948,70,0,0,42790,0,ACV
4,67068,57,2,5753,24644,0,ACV
10,88376,77,2,3642,19309,0,ACV
18,33566,39,0,454,14772,0,ACV
3,145489,65,1,2510,33616,0,ACV
3,28703,40,2,6124,49670,0,ACV
10,43882,31,1,2974,27313,1,COPART
9,73201,42,0,638,30502,0,ACV
7,29831,79,0,0,13161,1,COPART
7,39266,45,3,11623,28395,0,COPART
2,157652,95,2,1410,8914,0,ACV
20,121242,36,0,0,25728,0,ACV
1,49037,93,3,8056,29886,0,ACV
13,50300,65,1,1999,16265,0,ACV
4,14083,98,4,8049,44434,0,COPART
13,149359,81,0,284,9748,1,COPART
6,173467,87,1,4153,45337,1,COPART
12,209974,65,3,12492,39685,0,ACV
18,136699,61,3,4161,21723,0,ACV
7,12681,55,0,232,34912,0,ACV
7,46844,32,1,1832,47048,0,COPART
1,205291,48,4,10427,29455,0,COPART
5,51163,50,4,16220,24840,0,COPART
18,12394,65,4,6181,40936,0,COPART
15,147114,59,1,639,36141,1,COPART
19,62359,22,4,3387,35325,0,COPART
6,216404,36,2,3871,15630,1,COPART
18,189731,38,0,1467,38491,1,COPART
12,158620,32,2,4021,23776,0,COPART
13,212576,82,2,8875,15416,0,ACV
19,211305,65,1,4380,47616,0,ACV
9,197412,57,1,3288,15646,0,ACV
18,107655,92,0,151,15932,0,ACV
19,62906,92,0,178,36517,0,ACV
7,95914,60,1,2345,45693,0,ACV
20,196177,62,3,4746,4746,0,COPART
2,96876,52,0,290,4083,0,ACV
13,48604,72,3,7332,28819,0,ACV
15,211760,93,1,2298,14659,0,ACV
1,82308,22,2,2107,21113,0,COPART
12,47180,29,4,9452,10101,0,COPART
15,189681,23,3,5168,46836,0,COPART
5,19039,32,2,3494,17470,0,COPART
17,74537,56,2,1985,19567,0,ACV
17,133699,39,0,375,27647,1,COPART
20,162342,81,1,828,10356,0,ACV
9,26479,80,0,464,24208,0,ACV
8,28890,89,3,8270,16116,0,COPART
5,121857,25,2,5447,32818,0,COPART
8,152913,27,1,3231,49643,1,COPART
11,216859,89,3,5826,42648,1,COPART
12,219540,86,3,12117,39095,0,ACV
18,66772,80,2,6182,9174,0,COPART
1,136622,93,4,15070,41452,1,COPART
14,50319,41,1,903,16630,0,ACV
13,57931,100,1,2010,42997,0,ACV
2,27813,69,4,12411,30041,0,COPART
16,125103,21,4,12860,42507,0,COPART
13,44227,38,4,13797,42530,0,COPART
3,32691,92,0,1302,22749,0,ACV
13,74241,69,3,10350,41488,1,COPART
8,110637,38,4,15272,43888,0,COPART
12,91899,50,0,1337,35143,0,ACV
10,219272,58,2,6883,22372,0,ACV
3,64757,37,2,9131,33039,0,ACV
13,163591,31,1,3035,32948,0,COPART
15,204096,86,2,6940,7683,0,COPART
9,191009,84,3,12889,12889,0,COPART
18,12588,42,1,1046,17154,1,COPART
1,99470,45,2,5936,28140,0,ACV
3,183565,23,1,3518,28409,0,COPART
15,158847,90,2,4153,26560,0,ACV
2,79729,23,3,5649,7253,0,COPART
6,63025,48,1,3806,21634,0,ACV
0,129281,36,1,792,43396,0,ACV
9,191840,55,3,7124,28672,0,ACV
14,84205,86,4,12485,30027,1,COPART
11,152182,96,4,8989,22525,1,COPART
2,93154,55,2,4581,22145,0,ACV
20,83326,44,1,3927,37901,0,ACV
19,110931,60,1,4002,5668,0,COPART
8,114724,71,3,6314,6314,0,COPART
6,94959,48,4,12348,45832,0,COPART
11,137989,58,1,2956,47097,0,ACV
15,38539,53,4,15678,15997,0,COPART
2,63262,65,1,3636,24125,0,ACV
11,73304,94,2,3027,34393,1,COPART
20,157980,94,4,8667,8667,0,COPART
3,183440,68,4,9578,23553,0,COPART
4,41009,45,2,7592,30816,0,ACV
14,42545,60,1,2978,9296,0,ACV
5,87159,27,0,0,33625,0,COPART
5,156068,40,3,4748,9769,0,COPART
13,110747,74,3,2034,29121,0,ACV
11,8690,61,4,4377,16489,1,COPART
7,64314,64,2,2725,12449,0,ACV
9,48783,28,0,433,23542,0,COPART
19,142394,63,3,4245,49008,0,ACV
15,99175,44,1,845,30436,0,ACV
4,60362,22,4,5720,37071,0,COPART
20,212651,24,3,6620,45964,0,COPART
1,160693,26,0,0,46832,0,COPART
13,121474,68,0,471,39866,0,ACV
6,187240,100,0,855,23733,1,COPART
16,75772,99,4,5801,49922,0,COPART
3,139108,99,0,1107,22527,1,COPART
6,164646,45,2,3485,38284,0,ACV
9,47040,25,4,7509,36529,0,COPART
10,66474,20,0,1357,48016,1,COPART
18,180380,83,1,4539,9903,1,COPART
3,72080,49,3,6093,23400,1,COPART
5,15340,57,2,4532,48352,0,ACV
3,203758,25,0,825,13069,0,COPART
11,119744,99,2,5821,10091,0,ACV
3,110061,71,3,8049,21814,0,COPART
13,175091,41,0,987,12684,1,COPART
5,32187,73,4,13409,35632,0,COPART
19,104549,65,4,5888,5888,0,COPART
4,131636,82,0,0,30953,1,COPART
20,87375,21,4,15713,41791,0,COPART
10,141078,86,4,10241,10241,0,COPART
15,95636,69,1,2921,40591,1,COPART
5,137531,80,3,4356,14839,0,ACV
7,91742,55,0,627,37222,0,ACV
12,219198,50,0,1140,34087,0,ACV
2,135667,77,2,6700,11779,0,ACV
3,110759,72,0,0,40512,0,ACV
19,167284,58,4,7428,40853,0,COPART
10,100248,26,1,2806,33783,0,COPART
19,129029,66,3,4652,11472,0,COPART
0,94484,65,2,6141,39893,0,ACV
1,48032,83,1,1258,30818,0,ACV
6,36652,70,1,3890,33952,0,ACV
3,203482,73,0,705,45500,1,COPART
14,124901,95,4,10880,12823,0,COPART
1,150024,75,4,12627,35649,0,COPART
5,186355,94,1,1517,12413,0,ACV
19,89369,84,3,11257,31437,0,COPART
7,76721,70,2,6456,23278,1,COPART
13,162948,85,2,7348,49973,0,ACV
17,170827,47,1,4319,17743,0,ACV
11,181258,36,1,3943,37023,0,ACV
3,204432,65,4,13416,35481,0,COPART
13,181748,88,2,2274,31681,1,COPART
12,43096,26,0,1036,17100,0,COPART
9,184146,52,1,4734,8065,0,ACV
17,13468,65,3,10716,10716,0,COPART
17,63800,91,3,9782,19571,0,COPART
9,186649,26,3,8977,29398,0,COPART
10,149736,26,0,770,20471,0,COPART
14,64126,67,4,16031,39822,0,COPART
6,82116,77,1,987,48738,0,ACV
16,36287,68,0,639,32082,0,ACV
5,158088,52,0,953,25663,0,ACV
1,45292,61,4,7332,7332,0,COPART
9,133594,93,4,5497,27467,0,COPART
16,62661,43,4,8468,8468,0,COPART
17,110753,31,2,4204,18496,0,COPART
11,81958,47,4,11629,38766,0,COPART
20,7307,34,2,4920,33207,0,COPART
19,68917,25,2,2818,28993,0,COPART
9,11476,86,2,6178,37705,0,ACV
9,175794,44,2,3715,37678,1,COPART
17,144776,20,0,789,17813,0,COPART
13,32243,46,4,14964,32523,0,COPART
4,11226,78,2,1966,6482,1,COPART
8,151298,29,4,7770,18918,0,COPART
20,111023,75,2,5106,5106,1,COPART
0,173145,99,0,935,42378,0,ACV
11,136815,33,2,4810,48949,1,COPART
14,104985,70,0,592,35063,0,ACV
12,213868,89,2,2890,45552,0,ACV
20,102813,21,4,5268,40377,1,COPART
18,161409,70,4,4716,39882,0,COPART
11,60505,72,4,5712,13335,0,COPART
8,55941,34,1,4368,47973,1,COPART
17,125917,90,0,0,23048,0,ACV
6,195208,94,3,6548,25682,0,ACV
7,31226,56,4,6518,8574,0,COPART
10,166570,59,4,13124,13987,0,COPART
10,117278,41,0,1109,24526,0,ACV
20,119327,55,2,8167,12801,0,COPART
15,126332,77,2,6217,24019,1,COPART
20,164023,30,2,5914,13175,0,COPART
20,25044,29,0,0,37238,0,COPART
18,111203,95,1,3092,6402,0,ACV
17,128759,39,2,4753,29722,0,ACV
9,40096,79,4,4992,37450,0,COPART
0,178717,50,4,6966,48837,0,COPART
14,46739,42,4,15286,41081,0,COPART
15,99056,25,1,1377,35958,0,COPART
7,16221,46,4,10017,27674,0,COPART
1,15460,61,0,1199,38168,0,ACV
8,156684,89,4,10206,15393,0,COPART
18,176268,29,4,10856,20487,0,COPART
16,111389,65,2,6864,35906,0,ACV
16,41429,76,1,1668,19072,0,ACV
6,44384,43,1,4234,27738,0,ACV
7,113688,62,0,480,35556,0,ACV
18,47269,72,0,0,19969,0,ACV
5,40317,100,4,6568,6568,1,COPART
8,52195,86,3,10129,43279,1,COPART
9,27478,47,3,9466,43749,0,ACV
7,112680,96,1,3815,42184,0,ACV
16,74342,41,2,7195,33718,1,COPART
12,106046,36,0,570,5085,0,ACV
16,184402,73,1,1057,43682,0,ACV
19,162237,24,4,15264,36986,1,COPART
4,163197,89,0,383,48470,0,ACV
11,16387,87,3,9439,19039,0,COPART
11,159415,93,0,21,31884,0,ACV
7,26972,56,4,9919,39633,0,COPART
0,156515,86,0,268,38063,0,ACV
10,112176,66,0,834,14143,0,ACV
8,145536,74,4,13288,27962,0,COPART
12,202911,46,3,9737,40182,0,ACV
17,150466,81,2,6537,24096,0,ACV
12,197880,37,0,1103,19058,0,ACV
5,31287,47,4,9884,30251,0,COPART
1,47136,69,0,465,9969,0,ACV
13,28105,28,2,4299,18533,0,COPART
12,110026,98,4,16329,22774,0,COPART
5,172848,83,3,4701,4701,0,COPART
16,79974,44,0,556,43289,0,ACV
19,49428,24,2,6464,19679,0,COPART
2,77335,71,2,5166,47886,0,ACV
16,9028,28,0,987,40018,0,COPART
18,96251,64,2,8038,18830,0,ACV
12,155708,20,2,5470,15471,1,COPART
2,136902,57,2,7263,11668,0,COPART
17,218161,93,2,6704,49494,0,ACV
15,206842,51,2,7625,34071,0,ACV
0,131345,34,2,5531,8427,0,COPART
7,182448,49,2,5049,31028,0,ACV
8,70079,56,0,1033,30144,0,ACV
2,150372,42,3,6691,24569,0,ACV
8,52915,44,3,6289,17085,0,COPART
8,59205,49,1,3562,20364,0,ACV
3,36425,30,3,3546,44227,0,COPART
1,131429,67,4,12603,24671,0,COPART
18,77019,82,1,2261,37497,0,ACV
18,38618,26,4,12460,31733,0,COPART
16,96039,70,1,2223,33962,0,ACV
10,185672,21,0,277,48178,0,COPART
10,99791,98,2,6130,16265,0,ACV
15,165716,63,2,6052,16052,0,ACV
11,100703,71,2,3742,33538,1,COPART
18,184833,49,0,637,21691,0,ACV
12,56396,38,1,700,34997,0,ACV
4,170321,86,4,11286,24691,0,COPART
18,17506,70,0,0,49255,0,ACV
8,129921,100,0,185,33481,0,ACV
11,151892,91,2,2105,26553,1,COPART
19,57155,93,4,14434,46589,0,COPART
9,98089,61,4,16900,35948,0,COPART
2,104895,98,2,8233,34392,1,COPART
5,172924,63,3,10594,45371,0,ACV
2,25738,40,2,4316,18956,0,ACV
8,163698,70,2,9263,33156,0,ACV
18,141560,77,3,5908,14965,1,COPART
7,178545,52,0,313,17800,1,COPART
2,129042,90,0,313,5727,0,ACV
2,32244,53,4,5421,14176,0,COPART
12,86099,49,1,3398,22623,1,COPART
16,49723,23,0,1262,47486,0,COPART
15,127471,89,2,5020,39949,0,ACV
17,51409,95,4,14569,33920,0,COPART
18,119026,87,4,9374,24293,0,COPART
2,120831,59,2,3546,31014,0,ACV
0,142184,37,2,6037,22793,1,COPART
15,203042,81,2,4598,4598,0,COPART
19,65611,20,4,6631,28487,0,COPART
13,108481,51,1,3592,46335,0,ACV
8,25764,74,1,5069,37856,0,ACV
8,79626,88,2,4387,31060,1,COPART
4,80915,34,3,8019,44483,0,COPART
15,54227,61,0,1485,13971,0,ACV
5,31810,56,2,7855,12194,0,COPART
7,28644,39,0,200,36347,0,ACV
15,102359,79,0,1227,25643,0,ACV
4,19690,54,3,8678,8678,0,COPART
8,219237,68,0,963,11992,0,ACV
14,69792,24,1,4889,34201,1,COPART
6,128948,69,2,3686,25172,0,ACV
17,141557,35,2,6941,35537,0,COPART
1,179770,47,0,389,19464,0,ACV
5,213244,55,4,10800,11841,0,COPART
1,157325,80,4,10362,14157,1,COPART
5,136050,31,4,16424,26178,1,COPART
11,173971,39,4,5759,11038,0,COPART
17,211716,64,3,3572,16646,0,ACV
4,70718,25,3,9370,32672,0,COPART
15,54748,92,1,2386,39626,0,ACV
8,161940,90,1,2792,8513,0,ACV
8,146978,66,3,4047,4047,0,COPART
5,9907,99,2,3712,44645,0,ACV
17,219708,69,1,4116,38345,0,ACV
4,165704,56,2,7009,30856,1,COPART
16,177724,28,0,1288,12504,1,COPART
3,132236,44,0,814,6085,0,ACV
15,142840,99,4,4254,20773,0,COPART
2,8430,46,3,9240,9240,0,COPART
11,151281,73,2,6696,7820,0,COPART
2,84666,29,1,904,38044,0,COPART
17,106012,44,1,3499,38484,0,ACV
5,151387,91,3,10914,10914,0,COPART
14,189169,74,0,626,14932,0,ACV
10,177368,40,4,11867,43316,0,COPART
10,149200,61,2,8656,31023,0,ACV
10,164491,50,4,6972,39758,0,COPART
8,99374,77,3,3387,30023,1,COPART
9,161175,22,4,7657,12852,0,COPART
7,61314,60,0,1382,49201,0,ACV
17,154597,93,1,1396,10179,0,ACV
4,74465,66,4,7040,20374,0,COPART
2,154549,71,4,14886,18249,0,COPART
15,50325,82,4,10249,10249,0,COPART
18,105020,30,0,1301,25914,0,COPART
13,36598,49,4,4749,4749,0,COPART
1,84897,87,0,656,24926,1,COPART
16,187915,48,1,4557,7310,0,COPART
14,202352,96,4,4626,37077,0,COPART
12,43800,36,2,6168,9409,0,COPART
17,109645,53,0,389,30117,0,ACV
4,204762,37,3,5332,40654,0,ACV
18,56406,91,4,7228,38357,1,COPART
13,89780,93,0,347,11374,0,ACV
11,54935,61,2,6517,42920,0,ACV
5,96676,98,3,4593,44840,1,COPART
7,57346,67,1,2274,9623,1,COPART
19,43712,56,0,1147,26496,1,COPART
14,128519,22,2,8263,17697,0,COPART
17,142171,53,4,14398,35655,0,COPART
0,103725,94,4,6849,6849,1,COPART
6,211881,99,2,6248,7478,0,COPART
2,106880,54,2,1855,11070,0,ACV
20,106324,49,3,10821,37327,0,ACV
15,161527,88,0,525,16217,0,ACV
17,191769,22,0,124,20213,0,COPART
12,200137,40,0,220,26726,0,ACV
9,66919,84,2,6753,8063,0,COPART
0,150474,55,1,3536,13942,0,ACV
4,28014,68,4,14519,48433,0,COPART
7,114401,50,4,11671,14010,0,COPART
19,91320,77,4,7420,12635,1,COPART
17,184319,45,1,4564,24250,0,ACV
4,117738,38,4,8038,14357,0,COPART
3,53269,60,1,4087,5932,0,COPART
13,112807,58,3,11532,45736,0,ACV
6,32989,36,1,4675,5716,0,COPART
19,153646,98,1,1723,43083,0,ACV
11,25834,81,1,3736,36920,0,ACV
11,53228,69,3,3924,35054,0,ACV
1,112109,21,2,4442,31069,0,COPART
6,203646,46,0,1275,15604,0,ACV
10,124942,51,3,11522,30533,0,COPART
12,193796,60,3,12194,44075,0,ACV
16,173137,24,4,11031,11164,0,COPART
1,69414,86,4,14824,29926,0,COPART
16,205582,100,0,400,16442,0,ACV
9,207814,56,3,7692,14910,0,COPART
1,185867,86,1,3871,34381,1,COPART
16,34667,43,4,11929,49620,0,COPART
10,123197,23,1,4553,33732,0,COPART
6,124192,31,2,8094,25238,0,COPART
5,193317,35,0,420,11481,0,COPART
2,142315,69,4,6091,44112,0,COPART
1,206394,41,2,8268,41060,0,ACV
4,51888,26,3,7196,24189,0,COPART
14,80702,100,1,2804,11704,0,ACV
19,205643,52,0,1251,34057,0,ACV
0,164379,83,1,4061,18213,0,ACV
13,120834,30,4,3305,43328,0,COPART
8,167467,100,4,3878,17607,1,COPART
20,96493,24,1,4215,6125,0,COPART
9,91798,31,0,0,11136,0,COPART
9,165193,96,4,7582,40842,0,COPART
18,99421,24,0,254,23614,0,COPART
2,203821,74,4,8254,8254,1,COPART
8,91300,87,3,5902,38383,0,ACV
1,33652,93,4,9745,9745,0,COPART
9,116949,97,2,6581,21017,0,ACV
11,39003,98,4,12705,36531,0,COPART
15,216807,43,4,14902,19251,0,COPART
0,35987,23,3,4859,44990,0,COPART
19,113693,72,0,647,25875,0,ACV
6,7961,45,2,2284,20673,0,ACV
17,89914,20,0,199,48946,0,COPART
18,166478,23,1,3360,16715,0,COPART
15,129387,24,1,2220,35555,0,COPART
17,92846,79,3,7671,7671,0,COPART
10,150536,88,0,903,17648,0,ACV
11,22357,39,2,4646,6042,0,COPART
5,154679,97,3,9450,16280,0,COPART
9,189881,60,0,0,21792,0,ACV
7,102408,77,2,6019,18164,0,ACV
11,210768,24,1,3153,10068,1,COPART
15,136086,39,1,3780,26289,0,ACV
9,208301,61,1,3799,10439,0,ACV
6,194941,24,3,12440,29400,0,COPART
0,86521,25,4,9116,9706,0,COPART
3,141466,59,0,139,41850,0,ACV
6,89116,45,1,2523,22780,0,ACV
14,180931,35,2,2950,13785,1,COPART
19,151702,85,0,217,17538,0,ACV
8,42108,56,4,5649,20044,0,COPART
10,146709,76,0,464,12524,0,ACV
1,32768,69,0,302,9643,0,ACV
19,160387,100,3,6907,44390,0,ACV
6,191882,88,0,0,34519,1,COPART
14,30496,78,2,7832,48857,0,ACV
15,65737,48,1,3225,44431,0,ACV
5,188399,62,2,5153,33706,1,COPART
3,97128,81,3,6940,15193,0,COPART
18,38395,85,0,1131,30587,1,COPART
17,175249,29,2,5696,38914,0,COPART
7,167758,51,4,11386,14421,1,COPART
6,218363,95,3,10481,32531,0,ACV
7,50373,29,4,5784,35891,0,COPART
10,150512,32,3,7640,15545,0,COPART
19,33506,96,3,9292,25457,0,COPART
2,62045,37,4,4250,45689,1,COPART
4,123744,88,2,7325,29557,0,ACV
6,183655,60,2,7289,41373,0,ACV
13,193164,64,0,752,42189,0,ACV
12,38437,57,0,1482,28197,1,COPART
17,99173,34,2,3910,6043,0,COPART
12,168896,60,3,7477,30609,0,ACV
5,129484,37,1,3602,40400,0,ACV
13,45440,56,1,493,12800,0,ACV
4,194094,82,3,3219,12898,0,ACV
13,124545,97,3,5038,44845,0,ACV
17,219976,77,3,5052,27285,0,ACV
0,156503,83,1,2243,36881,0,ACV
18,101198,24,0,943,41234,0,COPART
18,131230,30,1,4969,38498,0,COPART
16,25508,86,4,7683,9796,0,COPART
2,184325,89,4,12852,24479,0,COPART
17,209086,21,3,10052,33755,0,COPART
10,115366,65,2,2544,22953,0,ACV
19,201457,58,4,4992,21068,0,COPART
5,155171,26,2,1909,44915,0,COPART
4,137538,29,2,3445,20518,0,COPART
8,8723,34,4,13905,15443,0,COPART
14,101932,42,2,4027,49925,0,ACV
16,13674,63,0,1412,13507,0,ACV
15,202331,72,3,10919,19594,0,COPART
5,60274,93,2,6901,7560,0,COPART
3,18768,41,3,8367,30132,0,ACV
17,66252,68,3,5422,35102,0,ACV
13,8109,56,3,10883,29035,0,COPART
1,30523,88,2,7980,32297,0,ACV
8,92809,54,2,4530,10440,0,ACV
14,207676,50,4,11907,16774,0,COPART
5,87121,90,0,1203,48092,1,COPART
13,30611,87,0,219,48924,0,ACV
9,71033,44,0,0,5553,1,COPART
19,177125,47,4,6142,45817,0,COPART
2,163514,36,3,13126,47017,0,ACV
5,34057,43,2,6276,23304,0,ACV
20,123867,55,3,11678,49365,0,ACV
8,47458,29,2,5029,8088,0,COPART
1,72695,53,1,1591,32873,0,ACV
6,164986,70,1,2537,46302,1,COPART
13,62248,98,0,30,32939,1,COPART
2,23458,93,2,3088,33221,0,ACV
20,172860,20,0,45,47555,0,COPART
10,107584,93,0,1424,37776,0,ACV
15,119309,71,0,0,39397,0,ACV
15,36772,92,4,9556,27522,0,COPART
1,170746,31,2,4048,39037,0,COPART
9,174814,45,1,2442,40338,0,ACV
6,83347,69,0,235,45328,0,ACV
20,119814,44,1,1141,6339,0,ACV
18,67517,82,3,8128,8128,0,COPART
17,217802,77,0,0,6427,0,ACV
1,111301,35,1,4104,46850,0,COPART
17,44047,94,1,1957,8720,1,COPART
20,9997,80,4,7001,7001,0,COPART
0,50154,100,0,434,24141,0,ACV
18,21766,33,0,1136,36580,0,COPART
2,215882,45,3,12355,26108,0,COPART
3,184329,93,4,9681,13000,0,COPART
6,205337,25,4,8325,15367,1,COPART
4,203587,73,1,2948,49632,0,ACV
7,157564,25,1,4143,10551,0,COPART
5,9097,82,0,0,4416,0,ACV
20,160642,56,3,12366,49449,0,ACV
6,42509,54,4,9937,33518,0,COPART
19,186318,24,4,15471,15796,0,COPART
2,169414,58,2,2278,31445,0,ACV
3,143988,32,4,16273,27717,0,COPART
14,206937,100,1,913,22115,1,COPART
4,184632,80,3,5234,15555,0,ACV
1,174046,66,2,5174,17735,0,ACV
14,16355,33,0,0,39216,0,COPART
15,139978,34,0,410,19420,0,COPART
10,114855,45,2,7705,19077,0,ACV
3,67159,72,1,1353,28610,0,ACV
15,19244,75,1,3727,18166,0,ACV
11,40757,78,1,3765,45420,0,ACV
10,38347,24,4,7575,7909,1,COPART
14,125213,73,1,3015,26516,0,ACV
5,211974,98,1,4315,41887,0,ACV
13,141778,82,1,3953,42769,0,ACV
0,196369,74,1,2529,20241,0,ACV
18,44051,93,0,0,31379,0,ACV
16,13813,74,4,12210,29842,0,COPART
3,123604,83,1,4129,9445,1,COPART
13,62149,36,2,4384,23384,0,ACV
0,130772,59,1,4166,34099,0,ACV
14,126572,37,3,7734,16120,0,COPART
20,5357,100,0,181,29223,0,ACV
9,116647,54,4,13751,39549,0,COPART
2,167648,62,0,245,37733,0,ACV
3,105389,66,3,3149,44575,0,ACV
20,151483,28,4,5649,17416,0,COPART
3,175141,81,4,16561,17749,0,COPART
10,97461,54,4,10195,48579,1,COPART
11,95499,77,3,10069,36863,1,COPART
17,182814,88,2,6939,33620,0,ACV
2,54375,78,0,1338,9254,0,ACV
2,33669,41,2,7113,11341,0,COPART
6,141495,100,0,1485,23213,0,ACV
4,129231,64,3,12283,33088,1,COPART
6,21501,22,1,3627,38053,0,COPART
10,176903,61,3,11508,42886,0,ACV
17,121721,78,2,4019,41175,0,ACV
5,211901,53,1,3811,35735,0,ACV
1,43886,65,2,3728,33879,0,ACV
17,79775,43,1,4656,49407,0,ACV
7,35649,25,2,3038,41652,0,COPART
5,58780,91,0,204,47617,1,COPART
14,146522,40,4,6573,23763,1,COPART
15,206462,38,3,3825,24985,0,ACV
17,138014,62,2,5459,35058,0,ACV
18,179820,38,4,9659,32973,1,COPART
15,15506,37,4,7794,11659,0,COPART
7,121909,65,0,745,25388,0,ACV
18,143001,48,2,1455,16826,0,ACV
14,182488,31,4,6888,29848,0,COPART
19,139101,27,2,3776,30054,0,COPART
11,106217,67,0,219,22654,0,ACV
14,152071,31,1,4188,33112,0,COPART
9,47936,74,3,10339,13146,1,COPART
6,84490,80,4,5691,25981,0,COPART
12,28186,20,3,6105,45864,0,COPART
14,191186,92,1,2765,17058,0,ACV
17,133604,25,2,4599,42352,0,COPART
14,63856,23,0,114,14094,0,COPART
20,128873,35,2,3575,31338,0,COPART
20,69159,23,0,1487,22167,1,COPART
11,157322,81,4,8210,32578,0,COPART
3,102832,85,4,5149,5149,0,COPART
4,88802,79,1,1076,27421,0,ACV
13,171788,65,0,584,22996,0,ACV
2,139707,44,1,4293,10193,0,ACV
10,87892,58,2,8225,48921,0,ACV
17,157055,65,1,1921,4845,0,ACV
15,113001,63,1,1508,10712,0,ACV
6,213432,91,4,13044,49197,0,COPART
17,189094,34,3,3074,34178,0,COPART
0,130702,64,2,4354,49288,0,ACV
19,142133,63,1,1941,23967,0,ACV
7,38741,38,1,1242,24147,1,COPART
2,116360,34,0,491,5232,0,COPART
1,56472,33,0,714,47239,1,COPART
3,71325,25,0,0,23768,0,COPART
3,162756,46,4,7097,17108,0,COPART
2,43156,55,4,8796,26795,0,COPART
19,68392,84,4,5998,8478,0,COPART
0,143631,47,1,2849,22471,0,ACV
0,195145,32,1,4170,37042,0,COPART
18,53529,76,0,277,15852,0,ACV
16,64651,72,0,454,24596,1,COPART
4,134975,66,2,7097,40512,1,COPART
15,35335,69,2,7525,33946,0,ACV
14,64211,90,3,7542,23044,0,ACV
15,183030,67,1,4067,4837,0,COPART
12,119834,86,0,308,11813,0,ACV
18,31665,41,0,193,27836,0,ACV
12,37181,49,3,6886,36709,0,ACV
18,160621,54,3,9109,27337,0,ACV
12,132017,85,2,8321,13658,1,COPART
8,133277,83,1,911,45180,1,COPART
1,22885,83,0,738,15737,0,ACV
4,84364,99,4,10313,10313,0,COPART
16,206214,83,3,6861,17233,0,COPART
16,73593,89,2,5612,39424,0,ACV
1,117828,35,3,7510,33498,0,COPART
14,14432,24,1,4762,40481,0,COPART
5,133838,75,1,4027,24477,0,ACV
3,154121,82,4,12707,48916,0,COPART
17,45975,84,0,513,29649,0,ACV
12,166727,65,2,1659,25003,0,ACV
4,101052,64,4,5762,5762,0,COPART
12,30519,74,2,5193,27420,1,COPART
7,69910,50,2,3658,42832,0,ACV
9,35007,63,1,3172,5291,1,COPART
13,153910,85,3,3574,21473,0,ACV
0,87972,68,4,9152,29578,1,COPART
15,31229,46,2,6879,36553,0,ACV
10,48680,98,2,5083,27811,0,ACV
2,145465,47,2,2096,21377,0,ACV
12,215921,48,4,10026,10026,0,COPART
18,93300,54,0,473,41121,0,ACV
11,213575,29,2,4442,37072,0,COPART
10,57448,73,3,10632,20466,0,COPART
17,52343,22,4,13170,16225,0,COPART
14,75237,88,4,13460,32424,0,COPART
16,57598,66,3,5160,13682,0,COPART
9,119134,72,2,6708,8222,0,COPART
8,80247,40,2,6507,49013,0,ACV
3,44311,44,0,450,20094,0,ACV
13,115629,24,1,1696,14443,1,COPART
8,177666,90,1,2445,46224,0,ACV
0,19503,30,2,5315,43426,1,COPART
13,100272,31,3,5027,13211,0,COPART
16,36625,86,4,7840,38423,0,COPART
7,162239,35,2,7395,25580,0,COPART
7,115852,47,1,1455,11000,0,ACV
14,112053,52,4,7665,7665,0,COPART
3,87965,89,3,10792,35120,0,ACV
4,100157,80,2,2593,24196,0,ACV
19,14125,26,1,3350,20579,0,COPART
11,217926,35,4,10743,19491,1,COPART
12,71986,58,0,0,19431,0,ACV
5,120040,100,2,6044,46233,1,COPART
2,209329,82,3,7455,31063,0,ACV
3,47033,53,4,8349,8349,0,COPART
17,198406,61,3,3796,49561,1,COPART
20,53166,100,3,3577,46015,0,ACV
20,85097,60,4,4835,9389,0,COPART
20,205058,36,4,11043,48941,0,COPART
14,130400,37,2,7944,15369,0,ACV
9,57078,30,3,4940,28091,0,COPART
18,63847,22,0,753,40603,0,COPART
2,126221,45,2,2583,49957,0,ACV
13,162389,53,1,2155,9836,0,ACV
3,8700,87,3,11189,33734,1,COPART
6,54950,54,2,4494,36385,0,ACV
6,162308,47,2,3506,48380,0,ACV
4,12542,57,2,7083,19432,0,ACV
11,157804,78,0,0,4676,0,ACV
12,185054,47,3,12168,31740,0,COPART
3,151014,27,0,464,25814,0,COPART
19,180843,96,0,533,4351,0,ACV
9,108467,67,1,1656,40671,0,ACV
5,137054,83,2,2363,34676,0,ACV
16,118489,38,2,3756,11657,0,ACV
15,78662,66,3,6389,22541,0,ACV
8,140521,60,3,7285,14812,0,COPART
4,150666,76,0,0,16381,0,ACV
1,128272,53,1,2324,34614,0,ACV
15,15693,76,2,6011,40756,0,ACV
4,37415,64,0,0,17351,0,ACV
16,76510,92,4,14249,17919,1,COPART
18,52335,73,0,520,20132,0,ACV
10,11805,56,0,709,29832,0,ACV
3,89813,39,0,1201,9312,0,ACV
15,124027,100,2,6501,42941,0,ACV
1,177011,99,3,12391,25293,0,COPART
18,38900,47,0,161,46181,0,ACV
2,148433,97,3,7321,10065,0,COPART
12,28380,22,1,3487,14678,0,COPART
20,202278,39,0,1140,23565,0,ACV
9,184558,97,1,3221,27530,0,ACV
16,57395,82,3,8302,29433,0,ACV
13,28651,74,2,3515,44230,0,ACV
2,15600,85,2,7099,34377,0,ACV
4,134845,87,4,8418,9503,0,COPART
15,83746,39,1,3253,48847,0,ACV
13,82458,92,0,1378,40109,1,COPART
3,138864,74,3,8962,10192,0,COPART
8,98181,52,4,9358,9358,1,COPART
14,52068,43,3,3775,6966,0,COPART
9,87299,95,3,8703,47926,0,ACV
10,217338,43,1,2149,16129,0,ACV
8,181530,33,3,2130,39020,0,COPART
0,50019,81,3,8656,49338,0,ACV
19,195293,82,2,6890,44533,0,ACV
12,215931,58,0,0,12197,0,ACV
0,187460,44,0,828,17712,1,COPART
7,119239,100,4,4724,16511,0,COPART
4,129253,74,0,1348,11632,0,ACV
14,132152,80,0,0,33459,0,ACV
18,107690,26,2,3231,4516,0,COPART
13,113969,83,4,15811,43048,0,COPART
1,132794,71,3,10644,37643,0,ACV
15,65792,27,4,5246,5246,0,COPART
2,75214,73,3,9253,11663,0,COPART
11,122525,75,0,987,14573,0,ACV
11,119848,49,4,14189,18398,0,COPART
19,192485,79,1,4717,23227,0,ACV
13,181451,66,3,9965,14618,0,COPART
2,179864,81,1,1437,15356,0,ACV
3,213006,73,3,5211,23900,0,ACV
0,99053,53,2,2755,48363,0,ACV
16,13380,28,2,3296,32221,0,COPART
17,63745,82,2,5585,26303,1,COPART
17,75121,39,4,13881,43602,0,COPART
14,214449,78,0,748,10939,0,ACV
3,152448,25,4,6726,10908,1,COPART
6,99801,40,2,8378,32935,0,ACV
3,45447,66,2,3843,13029,0,ACV
13,206646,20,1,2285,35042,0,COPART
2,74734,67,3,10995,27635,0,COPART
16,115551,49,1,3873,32103,0,ACV
14,140307,66,0,1077,33004,1,COPART
16,23240,30,2,5971,24631,0,COPART
1,108092,24,1,1829,41654,0,COPART
16,82522,73,3,11643,48621,0,ACV
10,95218,21,2,7985,38589,1,COPART
12,121965,46,4,14163,44918,0,COPART
11,217816,71,1,720,23761,0,ACV
12,195080,36,4,7785,39441,1,COPART
17,86855,86,2,2457,45660,1,COPART
17,160321,53,1,4140,23919,0,ACV
3,196885,27,2,7275,21023,0,COPART
1,203327,35,3,10441,23527,1,COPART
10,66891,94,4,14692,45139,0,COPART
7,96838,58,2,8129,47707,0,ACV
12,141227,51,0,692,25485,0,ACV
11,124094,32,1,2154,31898,1,COPART
13,39095,80,1,1375,33239,0,ACV
12,159203,91,4,8216,29872,0,COPART
13,120364,82,3,4708,14672,1,COPART
14,38917,85,4,11737,11737,0,COPART
1,200689,40,4,5876,28204,0,COPART
3,36684,67,4,4426,22978,0,COPART
11,84934,67,2,5137,23266,0,ACV
4,210466,95,3,7188,7188,0,COPART
5,219728,82,0,214,12016,1,COPART
1,114464,81,4,12894,24296,0,COPART
12,129578,97,1,3670,13078,0,ACV
14,179907,77,1,2303,25313,0,ACV
19,112381,69,1,2795,29912,1,COPART
14,197915,55,0,0,14853,0,ACV
9,152074,35,4,7808,9580,0,COPART
18,203604,26,4,7337,38193,0,COPART
0,36531,88,1,3037,5243,0,ACV
18,121452,30,4,8770,43770,0,COPART
15,11098,63,3,7046,15829,0,COPART
10,105141,52,0,609,11513,0,ACV
4,52885,52,0,1450,14107,0,ACV
5,20443,98,2,2782,15892,1,COPART
12,30885,60,1,2155,31054,0,ACV
3,18599,45,1,3184,43125,0,ACV
16,105938,34,2,4657,7973,0,COPART
2,131922,23,3,6642,45519,0,COPART
8,150247,95,0,636,20142,0,ACV
4,84852,92,3,4662,33227,0,ACV
6,210227,38,2,4077,39418,0,ACV
13,150529,77,0,1468,4065,0,ACV
9,176195,41,0,59,7943,0,ACV
12,97122,100,1,2966,42348,1,COPART
17,152608,28,2,5768,9879,1,COPART
4,195073,91,2,4076,32309,0,ACV
10,183808,63,2,3839,33669,0,ACV
10,94556,46,3,5967,43289,0,ACV
4,174461,20,4,4614,35229,1,COPART
5,113308,91,3,8678,29741,0,ACV
20,175725,29,4,6028,6028,0,COPART
11,218065,68,4,9398,27459,0,COPART
0,37706,79,2,4759,16647,0,ACV
0,203815,55,2,3507,16550,0,ACV
9,216921,48,1,1861,36362,0,ACV
19,59810,20,1,2149,45840,0,COPART
18,136157,83,1,2444,40161,0,ACV
19,153148,42,0,1027,42545,1,COPART
8,154396,49,4,7576,21978,0,COPART
17,166076,52,4,4652,33748,0,COPART
20,18595,61,3,5515,30665,0,ACV
14,134911,66,4,6848,6848,1,COPART
13,144568,77,2,4338,4338,0,COPART
18,216726,23,1,3996,49190,1,COPART
7,56610,41,2,2896,24368,0,ACV
0,130820,75,0,1415,42832,0,ACV
8,69789,33,3,7789,19621,1,COPART
10,141229,50,0,398,43319,0,ACV
20,122035,94,0,1377,9605,1,COPART
10,186761,28,1,2222,8063,0,COPART
20,118204,28,0,645,48404,1,COPART
12,110298,32,4,8286,30942,0,COPART
19,7780,78,3,8961,34422,0,ACV
3,94028,23,3,7135,37896,0,COPART
3,8221,96,0,1352,42855,0,ACV
20,138404,52,2,6526,31591,0,ACV
5,68740,37,0,138,7964,0,ACV
16,175840,65,2,7120,42251,1,COPART
15,85917,97,2,6107,23075,1,COPART
18,177406,38,0,1177,19557,0,ACV
1,115640,64,1,4783,17131,0,ACV
2,94535,44,3,11356,49533,0,ACV
10,156626,92,2,4411,44376,0,ACV
3,124092,25,3,3253,18378,0,COPART
7,127299,99,1,3773,19664,0,ACV
10,216621,68,1,2745,30234,0,ACV
11,7593,29,2,5879,5967,1,COPART
14,55961,100,4,5413,27587,1,COPART
6,79475,42,1,3600,21170,0,ACV
17,69478,42,1,2747,5408,0,ACV
3,10503,37,3,3955,46917,0,ACV
9,124591,50,2,6864,28402,0,ACV
19,118696,28,0,1127,13465,0,COPART
17,104141,67,2,6618,43292,0,ACV
1,205037,98,4,12074,16392,0,COPART
10,69794,26,2,7245,12287,0,COPART
15,59850,30,3,9586,47483,0,COPART
12,201950,85,2,6300,36675,0,ACV
11,142750,81,3,6387,35048,0,ACV
18,175324,24,1,2056,18386,0,COPART
12,62303,59,3,9241,28712,0,ACV
11,71723,90,0,0,12803,0,ACV
16,97163,49,4,6696,6696,0,COPART
13,123266,79,3,8062,30801,0,ACV
8,105236,23,1,1800,32946,0,COPART
11,26605,57,4,12974,37606,1,COPART
8,64701,32,0,0,8675,0,COPART
10,56549,62,2,8874,23838,0,ACV
8,54975,97,1,1386,39594,0,ACV
9,95867,71,3,12551,42007,1,COPART
20,139387,39,3,6168,18914,0,ACV
15,66269,86,4,16071,40216,0,COPART
14,94301,30,2,6189,16310,0,COPART
13,59941,76,3,3036,40598,1,COPART
4,85103,21,3,6951,47178,0,COPART
13,184768,71,4,9242,23637,1,COPART
1,41473,39,2,7894,41236,0,ACV
19,155438,70,3,6830,17382,0,COPART
6,129460,33,2,6106,41323,0,COPART
2,49937,33,4,4916,15641,0,COPART
15,12035,43,1,2461,8554,0,ACV
9,177902,87,0,254,33796,0,ACV
5,90661,72,3,3523,14291,0,ACV
15,199810,28,3,5278,17531,0,COPART
13,219406,80,1,4578,43564,0,ACV
6,136720,78,2,1452,17218,0,ACV
12,163557,51,4,13824,25554,0,COPART
14,156029,25,0,1304,22868,0,COPART
11,188583,58,3,4901,44175,0,ACV
19,197215,75,3,10372,29209,0,COPART
3,108167,25,1,3228,14350,0,COPART
9,179760,28,1,3544,36341,0,COPART
11,25062,33,4,10339,25365,0,COPART
6,137661,25,3,4105,5750,0,COPART
14,104917,63,3,6849,16740,1,COPART
3,190886,37,2,8182,47928,0,ACV
2,26639,90,1,1838,32686,0,ACV
5,49718,22,4,6202,10587,1,COPART
12,49159,29,0,0,48392,0,COPART
5,61799,24,4,11366,18166,1,COPART
20,217732,86,0,131,29599,0,ACV
19,6223,26,3,5733,17221,0,COPART
6,28956,22,3,2767,5831,0,COPART
2,62820,32,1,1331,14947,0,COPART
10,89588,91,1,3061,44938,0,ACV
13,36668,49,1,2422,10939,0,ACV
12,176440,60,0,439,29505,0,ACV
8,175379,99,2,3463,6879,0,ACV
9,206207,96,3,10672,10672,0,COPART
18,49946,52,0,792,43312,0,ACV
4,92044,42,2,5186,47671,0,ACV
19,158363,77,3,11288,37490,0,ACV
18,189714,21,1,4378,5390,0,COPART
9,66969,74,1,747,44616,1,COPART
15,82755,45,1,2451,28625,1,COPART
19,121320,62,1,2918,22227,0,ACV
1,141543,73,2,4710,5552,0,COPART
10,68504,46,4,7543,7543,0,COPART
7,164400,68,4,6609,25078,0,COPART
2,133881,28,1,3187,7414,0,COPART
4,29054,42,4,6531,39969,0,COPART
13,195051,79,2,7414,14758,0,ACV
5,163820,51,2,6740,22700,0,ACV
6,76266,81,0,273,27565,0,ACV
14,115807,84,4,15475,32405,0,COPART
15,10193,68,3,9454,9454,0,COPART
19,145823,39,4,7691,15514,0,COPART
14,79245,68,4,10723,43716,0,COPART
15,56305,39,1,2116,4273,0,ACV
11,133831,71,3,11784,29863,0,COPART
9,173047,95,0,1387,30790,1,COPART
18,47562,44,3,13247,20728,0,COPART
11,138590,82,2,2905,49642,0,ACV
13,197849,51,1,2328,35308,0,ACV
20,190220,23,1,3711,21126,0,COPART
4,71660,51,4,15279,41902,0,COPART
3,207105,31,3,11776,30061,0,COPART
2,140931,44,3,7661,14867,0,COPART
16,144775,68,4,15566,24183,0,COPART
2,33645,93,2,4835,13352,0,ACV
12,188241,59,0,0,15036,1,COPART
13,142615,73,2,2857,32242,0,ACV
4,56909,82,1,1673,36939,0,ACV
6,53663,45,0,0,15975,0,ACV
13,120534,100,4,11156,11156,1,COPART
2,104019,35,2,3962,8211,0,COPART
15,132190,32,0,1039,8001,0,COPART
18,211885,25,0,1121,17832,1,COPART
19,141334,54,3,11890,35013,0,ACV
10,102199,63,2,5420,19702,0,ACV
19,20005,65,2,2059,10565,0,ACV
12,195112,37,0,1279,43446,0,ACV
7,101581,77,4,15273,48969,0,COPART
13,178074,44,0,0,45816,0,ACV
1,216696,61,3,10347,19306,0,COPART
19,213131,30,2,6348,32043,0,COPART
3,197486,69,2,4156,43791,1,COPART
16,154918,84,0,1131,12379,1,COPART
17,127369,41,3,9179,11581,0,COPART
7,60480,41,0,965,10912,1,COPART
10,105529,55,1,4002,20883,0,ACV
3,179450,37,4,15591,45520,1,COPART
10,63669,93,4,8238,8238,0,COPART
12,176421,91,3,5175,19293,1,COPART
2,34198,31,2,4164,42810,0,COPART
18,101400,36,2,7335,28916,1,COPART
1,159680,88,1,2689,29437,0,ACV
4,141249,97,4,5253,18558,1,COPART
14,87818,38,2,6586,18346,0,ACV
19,79289,38,0,132,43248,0,ACV
3,76683,93,3,5562,45358,0,ACV
12,20417,62,1,5213,17802,0,ACV
1,208433,42,3,7244,29677,0,ACV
5,10653,90,3,8478,26112,0,ACV
11,203630,70,3,8707,8707,0,COPART
6,188791,90,3,4170,10377,0,COPART
18,216044,26,2,6797,33984,0,COPART
14,187440,81,2,3264,13491,0,ACV
6,197759,21,2,3323,41727,0,COPART
4,103711,74,1,1421,7691,0,ACV
5,18755,35,4,9459,46604,0,COPART
4,169357,71,1,1279,6227,0,ACV
9,185350,96,1,4120,46781,0,ACV
2,208877,79,3,11007,22036,0,COPART
0,36457,34,0,813,11998,0,COPART
16,63965,22,4,13062,41550,0,COPART
3,213232,95,1,3603,29163,0,ACV
9,154795,36,0,961,25314,0,ACV
17,53467,71,0,1174,29807,0,ACV
16,133073,28,4,12989,42320,0,COPART
20,37529,46,0,923,15840,0,ACV
17,122239,60,0,677,6565,0,ACV
5,28021,91,2,2047,6294,0,ACV
11,147718,41,3,2408,47133,0,ACV
16,210206,57,4,6169,33158,0,COPART
10,142013,65,4,11493,39272,0,COPART
1,67154,24,1,3280,13284,0,COPART
4,162848,90,1,2338,42783,1,COPART
19,115628,29,4,7749,20709,0,COPART
5,109873,78,0,371,20657,0,ACV
4,145484,46,0,51,45259,0,ACV
20,55496,67,4,14992,47077,0,COPART
5,115018,39,2,4257,32418,0,ACV
7,25322,54,0,900,38830,0,ACV
2,91339,31,2,8031,25857,1,COPART
7,76734,21,0,275,28717,0,COPART
3,51066,87,2,5305,42589,0,ACV
18,78923,90,2,3746,43810,1,COPART
10,202098,69,1,4724,26621,0,ACV
17,149617,96,3,9439,35251,0,ACV
16,191967,39,1,3013,13350,0,ACV
1,195164,67,1,3649,48447,0,ACV
5,120070,65,3,5986,36914,0,ACV
16,193341,49,2,3752,45656,0,ACV
10,28629,30,0,0,19731,0,COPART
2,199880,56,4,4842,36299,0,COPART
16,196574,37,3,9630,36624,0,ACV
17,187945,35,3,4910,4910,0,COPART
0,192212,74,4,8213,26613,0,COPART
16,184326,97,0,1475,43804,0,ACV
16,64000,42,0,552,28055,0,ACV
1,115814,83,3,8470,15172,1,COPART
7,146326,35,2,5657,23606,0,COPART
0,198469,100,4,8150,29796,0,COPART
20,140142,24,3,8014,44484,0,COPART
19,125679,62,2,1986,27192,0,ACV
5,110399,65,0,507,10641,0,ACV
16,139825,39,3,7902,12116,0,COPART
8,64269,80,3,6321,28530,0,ACV
5,145621,54,0,1219,32742,0,ACV
4,97730,75,0,0,27542,1,COPART
9,15552,37,3,11719,31594,0,COPART
5,179641,45,3,5407,47597,0,ACV
17,134910,36,2,6696,30206,0,ACV
12,39450,34,0,0,5386,0,COPART
0,206165,50,0,379,48453,0,ACV
0,118856,81,2,5249,22495,0,ACV
7,166903,39,4,7359,16246,0,COPART
8,188751,51,3,9169,17003,0,COPART
3,188800,84,4,7538,15874,0,COPART
20,43987,49,0,0,12670,0,ACV
6,43327,74,0,0,44400,0,ACV
12,111770,87,2,6761,49885,0,ACV
13,130618,27,4,13353,31988,0,COPART
8,100309,55,2,3777,31398,0,ACV
5,15718,20,0,158,47281,0,COPART
15,78442,97,0,16,32239,0,ACV
11,92630,58,0,0,10349,0,ACV
4,91825,66,2,6670,42594,0,ACV
20,77337,46,4,5944,29169,1,COPART
20,199664,97,0,1483,6689,0,ACV
20,219278,44,1,857,33213,0,ACV
19,94888,58,3,9931,17238,0,COPART
4,55254,73,4,16887,20549,0,COPART
17,96052,66,3,10954,45278,0,ACV
2,131568,73,4,3397,37021,0,COPART
4,80931,25,4,7984,7984,0,COPART
12,134768,88,4,6304,8914,0,COPART
12,152455,69,3,5659,43794,0,ACV
5,154919,47,4,4644,49660,0,COPART
16,124391,84,4,9413,20962,0,COPART
8,149743,35,1,1578,18675,0,COPART
1,172671,38,2,5102,12714,0,ACV
20,70275,46,4,4048,11614,0,COPART
19,101760,61,0,978,39997,1,COPART
19,82305,61,0,1187,45022,0,ACV
8,51330,52,0,1277,39218,0,ACV
18,32903,68,2,7533,45040,0,ACV
14,62839,61,2,7153,17364,0,ACV
12,45800,77,1,2112,32436,0,ACV
2,135013,43,3,4449,16125,0,ACV
5,174755,56,0,1312,24326,0,ACV
12,185189,97,1,1034,8551,0,ACV
14,174114,71,0,988,38522,0,ACV
0,163149,32,3,2377,29165,0,COPART
20,16466,36,1,1688,9478,0,ACV
19,8538,21,0,1175,39544,0,COPART
2,58037,37,3,9027,40887,0,ACV
10,130542,39,1,3943,7661,0,ACV
17,37263,22,0,107,10738,1,COPART
13,42181,20,1,2102,5572,0,COPART
11,176799,56,1,3281,48853,0,ACV
3,133927,41,0,1458,18714,0,ACV
11,24998,98,2,5942,11756,0,ACV
2,16363,97,1,3141,15669,0,ACV
5,183109,74,1,3731,47730,0,ACV
9,96327,33,2,7275,36718,0,COPART
2,211793,20,1,1555,46982,1,COPART
14,194095,81,0,375,11416,0,ACV
8,42923,31,2,4159,12358,0,COPART
10,134553,74,3,8217,49444,0,ACV
10,41233,51,3,9668,31437,0,ACV
15,144584,88,1,1831,29206,0,ACV
16,156486,48,0,0,19413,0,ACV
0,100000,91,3,3375,12755,0,ACV
11,209117,37,2,3990,34172,0,ACV
13,68569,46,1,3641,7661,1,COPART
4,103949,23,3,3999,28358,1,COPART
18,24338,81,4,3492,14366,0,COPART
2,69237,29,0,0,41301,0,COPART
15,199919,37,4,8566,49781,0,COPART
10,121385,21,2,2498,11291,0,COPART
1,163380,42,4,3687,14508,0,COPART
14,150268,53,4,9164,36890,0,COPART
5,76257,31,4,6269,28743,0,COPART
19,19679,48,3,13063,16038,0,COPART
2,219055,79,3,11233,24525,0,COPART
12,48207,26,2,4972,46378,0,COPART
3,25397,66,4,3646,25985,0,COPART
17,32909,28,1,1893,43132,0,COPART
6,149622,45,0,0,19750,0,ACV
18,16763,92,3,3132,6993,1,COPART
9,7222,65,2,5595,30092,0,ACV
12,195234,65,1,1376,48216,0,ACV
16,31477,84,1,4335,5552,0,COPART
18,14806,57,1,4043,13931,1,COPART
20,29455,49,1,3267,48660,0,ACV
5,136496,86,4,13177,46689,0,COPART
14,210875,36,2,5326,23060,0,ACV
13,15489,69,1,4042,17685,1,COPART
4,153609,100,3,2375,10383,0,ACV
9,148428,31,3,8128,10167,0,COPART
9,47329,28,2,4799,41782,1,COPART
5,191293,78,2,4758,35015,0,ACV
20,41817,35,4,4092,35998,0,COPART
12,112225,99,1,2851,32890,0,ACV
10,102958,30,3,7967,37157,0,COPART
1,167690,27,1,2613,49858,0,COPART
3,81194,68,1,3683,41364,1,COPART
12,126183,31,2,6251,34531,0,COPART
14,33604,30,1,3498,11100,0,COPART
12,91172,28,2,7045,26441,0,COPART
15,34969,55,3,6508,6508,0,COPART
4,172828,47,2,2587,41237,0,ACV
1,216952,66,3,4632,35025,0,ACV
0,203866,74,2,6666,20519,1,COPART
2,76802,71,0,424,23551,0,ACV
16,61126,53,1,2510,7522,0,ACV
10,202440,58,1,3659,17015,0,ACV
15,145379,40,3,11582,27245,0,COPART
0,152038,96,1,4627,9099,0,ACV
4,89864,60,0,1412,13863,1,COPART
10,34781,72,2,7023,38124,0,ACV
4,171276,77,4,3743,10386,0,COPART
6,115146,89,1,2288,43383,0,ACV
6,183160,93,0,0,28265,0,ACV
9,136618,35,3,8348,46527,0,COPART
11,147204,74,4,6453,26008,0,COPART
13,102811,42,4,6475,42986,0,COPART
9,177911,75,2,2091,44656,0,ACV
3,28498,22,4,5412,30953,0,COPART
19,147798,32,3,10690,36988,1,COPART
9,115268,47,1,3339,33794,1,COPART
15,37621,64,3,11264,31062,0,COPART
12,6993,67,1,2009,37263,0,ACV
8,85582,73,1,2064,4272,1,COPART
4,212227,67,4,8586,43318,0,COPART
18,117727,50,4,7118,29648,0,COPART
1,215064,93,3,10517,12445,0,COPART
5,110675,60,4,10337,14383,1,COPART
4,137187,35,4,16468,29690,0,COPART
17,46694,61,1,734,10111,0,ACV
20,206859,95,1,4280,5823,0,COPART
2,154892,68,0,799,12555,0,ACV
11,53904,50,1,2189,23459,0,ACV
12,206953,53,0,1414,22020,1,COPART
0,172349,94,0,1398,11270,0,ACV
3,42181,56,2,2018,15837,0,ACV
11,59518,70,0,347,36180,1,COPART
20,25004,46,3,7049,28592,0,ACV
5,52135,58,0,661,15709,0,ACV
1,35725,63,2,7356,35713,0,ACV
5,141773,52,0,0,16638,0,ACV
16,139150,39,1,2610,27913,0,ACV
10,41323,48,0,48,49324,0,ACV
6,29109,64,4,8476,46724,0,COPART
15,119311,85,3,5326,16652,0,ACV
8,107976,33,4,8143,42507,0,COPART
15,118631,77,3,11636,43081,0,ACV
19,33195,97,3,5515,32135,0,ACV
20,219785,28,3,4276,14960,0,COPART
18,112428,57,4,12109,46277,0,COPART
3,52160,61,3,6797,16184,1,COPART
11,102508,38,2,1830,12015,0,ACV
10,61039,79,4,7658,25073,1,COPART
9,162758,47,4,5532,18251,0,COPART
19,216662,29,4,11005,46353,0,COPART
10,218226,60,1,2146,16918,0,ACV
1,76936,73,0,0,12132,0,ACV
18,105363,50,4,5393,5393,0,COPART
18,6218,79,2,4473,12589,0,ACV
16,15255,63,0,0,8551,0,ACV
13,194596,58,2,7982,24787,0,ACV
17,208060,60,3,3281,44129,0,ACV
14,134325,35,2,1999,44499,0,COPART
0,41368,33,2,7924,49062,0,COPART
2,55111,67,4,4323,4323,1,COPART
1,34046,26,2,3934,8917,0,COPART
12,75755,41,1,2432,42237,1,COPART
4,202403,94,3,8758,45740,1,COPART
16,68051,93,3,9920,47336,0,ACV
15,64200,31,2,7095,23414,0,COPART
7,177878,46,0,0,8924,0,ACV
6,127722,69,1,1425,35958,0,ACV
18,204649,87,4,17090,24536,0,COPART
14,176780,39,4,5276,10924,0,COPART
12,123602,99,4,16295,17305,0,COPART
8,115911,41,2,6619,41830,1,COPART
3,200304,34,1,2570,5087,0,COPART
15,178509,87,3,5403,27065,0,ACV
2,97910,75,1,2953,13871,0,ACV
10,18934,76,2,2000,28233,0,ACV
13,55838,57,1,2239,30390,0,ACV
19,134398,86,3,10372,11155,0,COPART
3,62561,34,0,45,6338,0,COPART
17,31484,55,1,4631,44646,0,ACV
12,31556,48,2,3134,36451,0,ACV
11,171959,56,4,14726,22872,1,COPART
16,188624,99,3,10839,24009,0,COPART
2,48685,43,2,4230,33833,1,COPART
15,117177,62,0,1304,15633,1,COPART
0,160714,65,3,2912,42217,0,ACV
15,33674,25,0,95,41176,0,COPART
16,136896,41,1,1332,10154,0,ACV
10,123650,82,2,4566,39763,0,ACV
11,125258,21,2,7599,23735,0,COPART
19,131970,34,2,6845,48943,0,COPART
4,112562,48,1,2402,27409,0,ACV
13,99219,46,0,808,16703,1,COPART
8,169335,89,3,4591,38531,0,ACV
11,91820,70,4,7857,31347,0,COPART
18,141335,63,4,11428,12058,0,COPART
11,80604,34,0,0,36697,0,COPART
4,142150,57,4,13917,40578,0,COPART
9,21938,57,0,0,33744,0,ACV
18,37357,26,3,2841,24042,0,COPART
0,18081,52,1,3068,26951,0,ACV
17,45642,31,2,7506,13348,0,COPART
2,81232,48,0,9,35010,0,ACV
20,106250,74,3,6994,10431,0,COPART
9,50430,92,3,7507,48493,0,ACV
6,70541,37,3,4967,40325,0,ACV
9,153547,100,3,4922,39771,0,ACV
13,30176,37,4,14713,32960,0,COPART
11,127782,65,3,9035,34575,0,ACV
0,151514,23,3,9795,9795,0,COPART
9,211210,51,4,9072,37567,0,COPART
18,81898,26,3,8222,12253,1,COPART
16,125644,26,0,1199,7584,0,COPART
3,92420,96,0,486,23043,0,ACV
1,36835,94,4,7474,7474,0,COPART
17,199097,83,1,4377,18650,0,ACV
9,169689,59,0,908,35782,0,ACV
2,5009,39,4,11414,11932,0,COPART
3,129188,23,4,9213,33085,0,COPART
9,111052,81,1,3072,19396,0,ACV
14,177532,98,0,802,32334,1,COPART
4,219577,50,1,4769,37522,0,ACV
15,130951,57,2,3882,47747,0,ACV
11,180033,55,3,12109,29285,1,COPART
13,218252,74,1,2396,5833,1,COPART
12,7888,94,2,6233,6233,0,COPART
19,121517,25,2,6739,13129,0,COPART
8,7390,40,2,5653,36809,0,ACV
16,107399,85,0,0,15435,0,ACV
18,93943,78,1,4771,22241,0,ACV
12,22880,81,3,10692,34916,0,ACV
16,208265,87,2,7479,12481,0,ACV
18,96251,94,4,3896,30461,1,COPART
5,65739,32,0,475,36730,0,COPART
7,207307,50,0,1327,15403,0,ACV
13,21874,27,4,4648,20415,0,COPART
2,120744,67,4,5071,45372,0,COPART
3,188166,77,3,10905,12730,0,COPART
6,71190,82,3,5874,48489,0,ACV
5,118787,87,1,2733,9637,0,ACV
3,58356,24,1,3357,4343,0,COPART
17,23865,63,1,5250,48719,0,ACV
20,143452,83,1,4330,17597,0,ACV
11,98450,99,4,4698,13035,0,COPART
12,23577,92,0,110,12335,1,COPART
15,65443,26,4,8166,39424,0,COPART
9,70898,69,2,4374,8453,0,ACV
17,155826,50,4,11531,44058,0,COPART
1,148115,34,4,8345,34866,1,COPART
10,115468,53,1,3553,25924,1,COPART
17,219109,62,0,0,19441,0,ACV
18,164908,24,2,5733,8637,0,COPART
2,149552,81,1,3347,21728,1,COPART
15,138065,48,2,5633,32279,0,ACV
7,10621,27,0,745,16856,0,COPART
0,149833,81,0,272,29370,0,ACV
13,188851,74,4,5488,13028,1,COPART
19,101392,65,1,3968,26487,1,COPART
7,29114,95,0,1030,18884,0,ACV
17,153910,25,0,0,20378,1,COPART
14,52341,56,0,733,24586,0,ACV
7,81654,36,4,11886,30071,1,COPART
2,25022,52,4,12252,17491,0,COPART
11,62746,76,2,8619,28047,0,ACV
20,69017,87,2,7924,24896,0,ACV
1,95868,72,4,7440,35864,0,COPART
4,141575,49,2,3077,40239,0,ACV
4,14402,50,3,12219,46592,0,ACV
0,135785,24,2,6704,22216,0,COPART
2,20655,55,4,10850,29161,0,COPART
12,121397,25,1,2230,17482,0,COPART
17,18699,59,0,212,39490,0,ACV
19,202781,63,2,4422,42729,1,COPART
19,118790,74,0,294,11157,0,ACV
9,145184,79,3,11898,41526,0,ACV
8,47611,68,3,5378,19612,1,COPART
8,27422,51,4,9397,23387,0,COPART
19,76898,66,2,4754,47203,0,ACV
19,8234,35,2,7169,41253,0,COPART
5,121341,79,0,455,32829,1,COPART
11,130883,91,1,1725,30778,0,ACV
8,164993,90,2,5076,8197,0,COPART
8,73037,83,1,3238,18904,1,COPART
19,176960,26,1,3059,11500,0,COPART
16,120424,94,2,6749,6749,0,COPART
8,72487,22,2,7075,39418,0,COPART
11,33616,29,4,5598,33085,1,COPART
6,90403,93,2,4652,48631,0,ACV
9,42507,23,2,4736,43778,0,COPART
20,103229,80,2,1682,44757,0,ACV
9,44338,95,0,0,10962,0,ACV
16,192634,85,4,6995,26547,0,COPART
1,177244,39,3,4819,46546,1,COPART
7,153216,84,4,13183,45308,0,COPART
3,143348,26,4,14574,34954,0,COPART
10,75564,44,4,7369,23206,0,COPART
11,65526,78,2,7269,11563,0,COPART
13,99864,30,2,5398,40730,0,COPART
20,131918,97,1,2485,33423,0,ACV
4,145932,51,3,10448,48178,1,COPART
8,213628,56,2,2232,24568,0,ACV
16,43901,93,3,11797,45460,0,ACV
14,9066,41,0,1067,31435,0,ACV
15,199734,32,1,2116,6233,0,COPART
2,39702,85,4,10341,29435,1,COPART
17,68290,57,0,711,26073,0,ACV
3,194315,25,0,1365,27262,0,COPART
14,199169,75,2,7109,35267,0,ACV
18,219985,85,0,715,13978,0,ACV
20,123889,68,2,3587,32743,0,ACV
8,207638,32,1,3018,23487,1,COPART
16,142676,94,4,8033,31963,0,COPART
5,42538,25,1,2995,32215,0,COPART
19,87409,32,2,2698,22664,0,COPART
15,120059,48,1,2603,22905,0,ACV
7,179701,55,1,2277,10289,0,ACV
5,12169,96,0,1136,39378,0,ACV
15,11757,67,1,3512,22470,0,ACV
16,38076,78,2,8412,11183,0,COPART
3,121498,75,3,4735,21239,1,COPART
8,196793,34,2,8820,9181,0,COPART
2,90751,40,4,8148,25976,0,COPART
16,181182,29,2,4855,6513,0,COPART
16,88237,44,4,13028,47327,0,COPART
20,7089,51,1,3626,42426,0,ACV
6,74543,80,1,2568,35752,0,ACV
4,57054,31,4,3641,18037,1,COPART
17,165226,46,1,3420,6543,0,ACV
12,170419,94,1,2719,45793,0,ACV
5,83669,49,2,6075,47776,0,ACV
12,161720,65,4,7737,35520,0,COPART
9,114994,77,2,7396,20213,1,COPART
14,88599,34,2,5803,49676,1,COPART
15,215952,82,4,14436,31001,1,COPART
8,138034,47,3,7984,7984,0,COPART
10,112801,70,3,7329,31865,0,ACV
8,132272,48,2,2103,45698,0,ACV
7,155078,41,4,16752,17513,1,COPART
19,165104,62,1,2550,43646,0,ACV
0,215347,68,0,1070,25842,0,ACV
2,176686,26,4,9728,17792,0,COPART
5,145430,70,1,2826,23017,0,ACV
13,61522,90,1,2178,4893,1,COPART
16,31875,84,3,2740,35778,0,ACV
0,65294,100,1,2950,6213,1,COPART
12,176776,71,1,803,21694,1,COPART
13,10283,21,4,5379,43640,0,COPART
12,55930,97,2,5631,25215,0,ACV
9,76840,78,1,3367,10532,0,ACV
15,103718,57,3,6610,10098,0,COPART
8,131707,56,4,7487,37200,1,COPART
15,195724,70,2,7173,39820,0,ACV
18,11525,70,1,2790,33300,0,ACV
20,86424,62,1,837,45282,0,ACV
6,133401,95,1,1703,9497,0,ACV
15,142207,92,1,4453,7862,0,ACV
9,199120,63,1,3027,6392,0,ACV
13,6460,54,1,3418,40858,0,ACV
20,66797,61,3,9357,35653,0,ACV
2,32536,74,0,1050,28620,1,COPART
16,201122,35,1,3873,16934,0,COPART
1,116196,83,1,3445,45036,1,COPART
17,114614,71,0,391,23447,0,ACV
8,141965,61,4,13267,28355,0,COPART
9,142167,46,4,12446,28330,0,COPART
14,60212,62,1,3911,14763,0,ACV
0,88280,73,1,2364,13853,0,ACV
0,86747,44,1,1785,49484,0,ACV
3,21019,99,3,3956,42958,0,ACV
17,64252,64,0,82,16624,0,ACV
13,158214,59,2,8207,44927,0,ACV
17,146824,45,0,0,42839,0,ACV
8,51746,53,4,6404,10705,0,COPART
20,205816,69,2,9171,41726,0,ACV
8,216628,98,3,3969,17717,0,ACV
6,28943,98,1,1948,13393,0,ACV
10,25391,26,1,2971,37535,0,COPART
10,84313,84,0,305,19779,0,ACV
12,190137,80,2,6025,24431,0,ACV
19,61072,41,2,5827,13364,0,ACV
8,184665,35,4,14093,32535,0,COPART
11,127178,64,3,10627,18010,0,COPART
6,105258,67,1,2007,4699,0,ACV
6,6471,95,2,3735,25525,0,ACV
8,136804,21,4,4573,21893,0,COPART
15,109410,25,2,6339,21968,0,COPART
0,193227,80,4,11148,45434,0,COPART
20,201761,89,0,0,6503,0,ACV
4,189979,42,1,3726,9427,0,ACV
1,121228,27,2,6124,10388,0,COPART
6,176731,98,0,1237,25801,0,ACV
5,158838,66,4,4928,4928,0,COPART
1,22027,44,4,13667,13667,1,COPART
14,16667,55,4,15015,17020,0,COPART
20,200776,20,2,6410,21941,1,COPART
14,153943,31,4,4382,34343,0,COPART
5,196247,31,1,4004,24807,0,COPART
5,211762,21,1,2776,45808,1,COPART
7,85683,44,1,1294,24348,0,ACV
5,78128,37,4,9942,24679,0,COPART
8,57225,42,2,7714,20997,0,ACV
15,98101,94,2,8740,26862,0,ACV
20,185103,41,0,0,42353,0,ACV
6,189074,75,2,8316,46336,0,ACV
10,188410,84,4,5235,21625,0,COPART
8,62214,79,2,3102,6060,0,ACV
5,129573,37,3,6628,42457,0,ACV
18,13873,61,0,1280,45253,0,ACV
5,115469,80,2,8255,26064,1,COPART
11,85288,40,3,5726,39833,1,COPART
19,124654,95,4,11320,49514,0,COPART
7,71210,67,4,11993,26143,0,COPART
1,66421,84,0,1085,31589,0,ACV
18,110054,95,0,0,14749,0,ACV
19,187879,87,1,3664,41223,1,COPART
10,211718,26,0,0,24268,0,COPART
14,108807,41,3,4055,4055,0,COPART
5,83979,59,0,1256,16097,0,ACV
2,194827,51,1,4305,48873,0,ACV
0,130132,40,2,6082,10547,0,ACV
6,128812,68,3,13152,19908,1,COPART
4,88455,37,3,7055,25437,0,ACV
13,161483,70,4,8696,8696,0,COPART
18,12050,48,4,15675,15675,0,COPART
10,136453,20,4,15827,43267,0,COPART
20,65312,37,3,2875,16318,0,ACV
2,94020,69,1,1500,31899,0,ACV
15,14129,53,3,4722,15764,0,ACV
3,126876,30,2,7309,48961,0,COPART
12,215645,21,1,2003,24907,0,COPART
14,8037,82,3,11488,31686,0,COPART
8,199527,34,4,11687,33508,0,COPART
10,145253,66,0,588,15720,0,ACV
2,44423,20,2,3616,42676,0,COPART
19,195743,78,3,7181,7181,1,COPART
15,125651,66,0,256,43277,0,ACV
10,181946,57,0,0,39569,0,ACV
13,9592,77,2,6380,23508,0,ACV
11,196864,24,4,7130,29966,1,COPART
3,38044,38,3,5982,32252,0,ACV
19,68989,87,4,3520,34042,0,COPART
1,43469,97,0,985,29029,1,COPART
20,201415,58,3,2549,30262,0,ACV
8,194161,30,3,5421,11630,0,COPART
9,166370,85,4,15708,19974,1,COPART
18,128972,47,3,12487,22008,0,COPART
8,136481,25,4,7056,30127,0,COPART
0,111740,46,0,0,31153,0,ACV
14,162045,60,0,0,18504,0,ACV
7,21704,98,2,6076,43932,0,ACV
19,91180,89,3,8777,35169,0,ACV
10,95797,76,1,4362,34274,0,ACV
5,181419,69,2,2717,30406,0,ACV
2,170513,82,4,4485,26629,0,COPART
16,101781,58,2,6179,24665,0,ACV
4,168804,94,1,2896,44911,0,ACV
0,201971,56,4,7312,36162,0,COPART
4,104202,97,0,0,10355,0,ACV
3,154617,57,1,5033,14427,0,ACV
12,149197,72,2,6368,18270,0,ACV
10,206981,66,0,1466,47531,0,ACV
20,88302,84,4,9585,38898,0,COPART
15,203397,79,2,4276,33455,0,ACV
12,80604,20,4,16146,25892,0,COPART
3,105493,94,3,7326,31411,0,ACV
19,63770,37,4,11108,44627,0,COPART
13,10985,61,4,6589,20380,0,COPART
2,102070,22,4,10206,46868,0,COPART
6,47304,78,2,3501,19683,0,ACV
6,89600,36,2,1775,8247,0,ACV
14,69237,97,3,6064,19852,0,ACV
20,34139,97,2,4050,14437,0,ACV
2,6804,24,3,9440,38063,0,COPART
13,73165,88,0,593,43778,0,ACV
14,131040,27,2,8614,30109,1,COPART
12,192858,85,3,3636,32087,1,COPART
8,203689,94,0,345,15072,0,ACV
4,68718,81,1,1372,21334,0,ACV
2,125125,82,1,2306,21039,0,ACV
10,211405,77,2,4571,41239,1,COPART
4,43803,86,2,4712,5700,0,COPART
11,192119,57,2,7048,14374,0,ACV
14,181495,57,1,1126,49552,0,ACV
12,72451,49,0,120,17871,1,COPART
0,73005,66,4,10324,37870,0,COPART
5,95233,39,4,8919,36839,0,COPART
15,174968,41,4,6563,35591,0,COPART
0,180307,28,2,4054,18734,0,COPART
8,164551,35,1,3283,27363,0,COPART
20,8198,87,1,3149,17273,1,COPART
20,30910,62,4,8277,8403,0,COPART
17,25826,27,3,8830,41139,0,COPART
5,185800,51,1,4172,49196,0,ACV
19,74668,90,2,7575,9987,0,COPART
2,39746,86,2,3266,7988,0,ACV
18,130116,79,0,0,39188,0,ACV
20,24150,45,3,7500,11628,0,COPART
3,147178,95,1,2909,43209,0,ACV
18,117657,34,3,5497,46115,0,COPART
19,203061,78,0,333,20498,0,ACV
15,170446,42,2,6111,37245,0,ACV
20,83548,53,4,8851,20319,0,COPART
16,85951,100,3,11305,11305,0,COPART
0,88678,85,3,4270,36491,1,COPART
13,181416,58,0,806,33045,0,ACV
5,55749,33,1,2585,17973,0,COPART
16,128699,33,2,3991,43945,0,COPART
10,45996,44,3,5087,15257,0,ACV
10,140388,80,4,16959,31322,0,COPART
8,128727,58,2,4291,13501,0,ACV
10,122888,59,3,8294,40915,0,ACV
12,19498,72,2,4242,46322,0,ACV
8,10106,45,1,3759,47388,0,ACV
11,11207,61,3,7044,29061,0,ACV
6,214053,47,4,11661,36960,0,COPART
2,68737,40,2,8222,35436,0,ACV
1,209794,69,3,6583,20373,0,ACV
1,31591,27,2,6262,22090,0,COPART
9,34106,80,1,3216,8848,0,ACV
4,44431,95,2,3888,41623,1,COPART
7,90941,93,4,8108,47299,0,COPART
9,185766,22,1,4620,8456,0,COPART
11,207559,77,1,2574,16067,0,ACV
11,92297,45,2,7575,20735,0,ACV
4,36245,72,3,9510,29972,1,COPART
16,20803,85,2,5061,5061,0,COPART
16,214263,61,4,8505,36244,0,COPART
2,197527,29,4,10038,10038,1,COPART
5,214345,85,0,749,41612,0,ACV
6,202108,29,3,8545,22144,0,COPART
4,175509,62,0,678,15906,0,ACV
16,209764,75,0,101,30310,1,COPART
12,9947,21,1,2357,25127,0,COPART
7,158190,61,4,14770,33999,0,COPART
18,97968,93,1,3769,16376,0,ACV
5,31449,23,4,4940,43447,1,COPART
